{
    "CameraMatrix": [
        [
            2278.75119674839,
            0.0,
            1419.6551627226613
        ],
        [
            0.0,
            2278.4235392437326,
            874.5846615377973
        ],
        [
            0.0,
            0.0,
            1.0
        ]
    ],
    "CameraDist": [
        [
            -0.001559607431326709,
            0.0019048431214887655,
            0.0002908126060306206,
            0.0002828525377194346,
            -0.01758746480997204
        ]
    ],
    "CalibMatrix": [
        [
            0.9999138334652782,
            -0.011894598563357103,
            0.0055537527662554145,
            42.801566705125506
        ],
        [
            0.011835946838386804,
            0.9998750657313182,
            0.010476797756514503,
            -87.48408499692055
        ],
        [
            -0.005677676215758344,
            -0.0104101610846619,
            0.9999296937980091,
            103.64360672126588
        ],
        [
            0.0,
            0.0,
            0.0,
            1.0
        ]
    ],
    "factor_depth": 1000.0
}