{
    "CameraMatrix": [
        [2402.50907438,    0.0,          963.56435324],
        [   0.0,         2402.04716623,  578.95978467],
        [   0.0,            0.0,            1.0       ]],
    "CameraDist": [
        [
            -0.001559607431326709,
            0.0019048431214887655,
            0.0002908126060306206,
            0.0002828525377194346,
            -0.01758746480997204
        ]
    ],
    "CalibMatrix": [
        [
            0.02508376,
            -0.99611501,
            -0.08441381,
            706.67173
        ],
        [
            -0.99966001,
            -0.02559479,
            0.00497697,
            -158.66213
        ],
        [
            -0.00711819,
            0.08426027,
            -0.99641836,
            1262.81386
        ],
        [
            0.0,
            0.0,
            0.0,
            1.0
        ]
    ],
    "factor_depth": 1000.0
}