{
    "PVC_scene_range": [180, 790, 70, 950],
    "PVC_pcd_range": [210, 760, 100, 920],

    "EVA_scene_range": [1000, 1600, 70, 950],
    "EVA_pcd_range": [1030, 1570, 100, 920],
    

    "camera_params": "./params/camera_PVC.json",
    "voxel_size": 0.002,
    "simgrasp_checkpoint_path": "./weights/sim_grasp_epoch199.tar",
    "robot_ip": "10.254.8.77",
    "camera_ip": "10.254.8.99",
    "robot_port": 30004,
    "M_PI": 3.14159265358979323846,

    "PVC_homePose": [0.63001, 0.06199, 0.78000, -180.000, -0.002, 135.001],
    "PVC_waypoint": [0.63001, 0.40000, 0.78000, -180.000, -0.002, 135.001],
    "PVC_desPose": [-0.47000, 0.40000, 0.45000, 179.993, 0.004, -135.002],

    "EVA_homePose": [0.63001, -0.30000, 0.78000, -180.000, -0.002, 135.001],
    "EVA_waypoint": [0.63001, -0.57000, 0.78000, -180.000, -0.002, 135.001],
    "EVA_desPose": [-0.55000, -0.38000, 0.45000, 179.993, -0.029, 44.997],

    "Capture_homePose": [0.63001, 0.31999, 0.78000, -180.000, -0.002, 135.001],

    "PVC_image_visualize": 0,
    "PVC_pcd_visualize": 0,
    "PVC_Forcast_visualize": 0,
    "PVC_collision_visualize": 0, 
    "PVC_Grasp_visualize": 0,
    "PVC_score_threshold": 0.70,
    "PVC_degree_threshold": 15,
    "PVC_pose_xdelta": -0.002,
    "PVC_pose_ydelta": 0.0,
    "PVC_pose_distance": -0.37800,
    "PVC_topk": 4,

    "EVA_image_visualize": 0,
    "EVA_pcd_visualize": 0,
    "EVA_Forcast_visualize": 0,
    "EVA_collision_visualize": 0,
    "EVA_Grasp_visualize": 0,
    "EVA_score_threshold": 0.60,                                                                                          
    "EVA_degree_threshold": 15,
    "EVA_pose_xdelta": -0.005,
    "EVA_pose_ydelta": 0.0,
    "EVA_pose_distance": -0.37000,
    "EVA_topk": 10
}
